,Filename,Distance
0,image_0001.jpg,0.00
1,image_0292.jpg,0.1599999964237213
2,image_0309.jpg,0.1899999976158142
3,image_0289.jpg,0.1899999976158142
4,image_0284.jpg,0.1899999976158142
5,image_0293.jpg,0.1899999976158142
