,Filename,Distance
0,image_0001.jpg,0.0
1,image_0292.jpg,0.15600000321865082
2,image_0309.jpg,0.1860000044107437
3,image_0289.jpg,0.18700000643730164
4,image_0284.jpg,0.1889999955892563
5,image_0293.jpg,0.1889999955892563
